Date,Optimized Portfolio,Equal Weight Portfolio,NIFTY 50 Benchmark
2021-05-07,0.0,0.0,0.006679247748155426
2021-05-10,0.0,0.0,0.008041422748121585
2021-05-11,0.0,0.0,-0.006130201191218876
2021-05-12,0.0,0.0,-0.0103866808073666
2021-05-14,0.0,0.0,-0.0012724250884564858
2021-05-17,0.0,0.0,0.01671576048197254
2021-05-18,0.0,0.0,0.012393443335275034
2021-05-19,0.0,0.0,-0.005159432408138875
2021-05-20,0.0,0.0,-0.00825677606093067
2021-05-21,0.0,0.0,0.01806313567497475
2021-05-24,0.0,0.0,0.001476108604989923
2021-05-25,0.0,0.0,0.0007073438653115716
2021-05-26,0.0,0.0,0.006115021504864648
2021-05-27,0.0,0.0,0.002378821196545866
2021-05-28,0.0,0.0,0.006376433707514062
2021-05-31,0.0,0.0,0.009533088035724946
2021-06-01,0.0,0.0,-0.0005101904286871628
2021-06-02,0.0,0.0,8.67158252806366e-05
2021-06-03,0.0,0.0,0.0073284506253876724
2021-06-04,0.0,0.0,-0.001281017305247989
2021-06-07,0.0,0.0,0.0051945814919991395
2021-06-08,0.0,0.0,-0.0007333060957773752
2021-06-09,0.0,0.0,-0.006654976944212576
2021-06-10,0.0,0.0,0.0065492869160790335
2021-06-11,0.0,0.0,0.003914130633349666
2021-06-14,0.0,0.0,0.0007911718082738162
2021-06-15,0.0,0.0,0.003630213545097627
2021-06-16,0.0,0.0,-0.006408632752808119
2021-06-17,0.0,0.0,-0.0048295020472909345
2021-06-18,0.0,0.0,-0.000513069646403852
2021-06-21,0.0,0.0,0.004026588209654625
2021-06-22,0.0,0.0,0.0016670371193598932
2021-06-23,0.0,0.0,-0.005439749231269109
2021-06-24,0.0,0.0,0.006597840798329813
2021-06-25,0.0,0.0,0.0044266891189239654
2021-06-28,0.0,0.0,-0.0028782098242977616
2021-06-29,0.0,0.0,-0.0041891404314852165
2021-06-30,0.0,0.0,-0.0017112919035373597
2021-07-01,0.0,0.0,-0.002639697229908089
2021-07-02,0.0,0.0,0.002691338986766656
2021-07-05,0.0,0.0,0.007133188273225066
2021-07-06,0.0,0.0,-0.0010167521731027085
2021-07-07,0.0,0.0,0.0038816171589777237
2021-07-08,0.0,0.0,-0.0095562557277451
2021-07-09,0.0,0.0,-0.0024224839292732447
2021-07-12,0.0,0.0,0.00017844744498685117
2021-07-13,0.0,0.0,0.007630985495128417
2021-07-14,0.0,0.0,0.0026308921169333477
2021-07-15,0.0,0.0,0.004431072328003882
2021-07-16,0.0,0.0,-5.0225736783704455e-05
2021-07-19,0.0,0.0,-0.010738912280361723
2021-07-20,0.0,0.0,-0.0076369809214345
2021-07-22,0.0,0.0,0.012279233123449584
2021-07-23,0.0,0.0,0.002022238326785386
2021-07-26,0.0,0.0,-0.0019929055322251976
2021-07-27,0.0,0.0,-0.004929081202650898
2021-07-28,0.0,0.0,-0.002352898858342667
2021-07-29,0.0,0.0,0.004395444954646832
2021-07-30,0.0,0.0,-0.000976039499086867
2021-08-02,0.0,0.0,0.007746000136419795
2021-08-03,0.0,0.0,0.015460955882416139
2021-08-04,0.0,0.0,0.007938242467802281
2021-08-05,0.0,0.0,0.0022018725316477195
2021-08-06,0.0,0.0,-0.003461233501561467
2021-08-09,0.0,0.0,0.0012347307242392969
2021-08-10,0.0,0.0,0.0013439090538649445
2021-08-11,0.0,0.0,0.00013208706805212245
2021-08-12,0.0,0.0,0.005045395484346349
2021-08-13,0.0,0.0,0.010064482340847336
2021-08-16,0.0,0.0,0.002054024277023725
2021-08-17,0.0,0.0,0.0031122785775283823
2021-08-18,0.0,0.0,-0.00275360231817956
2021-08-20,0.0,0.0,-0.007142898400624986
2021-08-23,0.0,0.0,0.0027931806783987323
2021-08-24,0.0,0.0,0.007768362083601765
2021-08-25,0.0,0.0,0.0006045728309951315
2021-08-26,0.0,0.0,0.00013525983096518424
2021-08-27,0.0,0.0,0.004105261588480014
2021-08-30,0.0,0.0,0.013519836521704187
2021-08-31,0.0,0.0,0.011880446175423387
2021-09-01,0.0,0.0,-0.00326573477436376
2021-09-02,0.0,0.0,0.009246783727399066
2021-09-03,0.0,0.0,0.005190230833697296
2021-09-06,0.0,0.0,0.0031287476677577253
2021-09-07,0.0,0.0,-0.0009035189246697772
2021-09-08,0.0,0.0,-0.0004953092983268625
2021-09-09,0.0,0.0,0.0009075978909154347
2021-09-13,0.0,0.0,-0.000803098507419775
2021-09-14,0.0,0.0,0.001423151293159064
2021-09-15,0.0,0.0,0.00802354538262362
2021-09-16,0.0,0.0,0.006281634763507293
2021-09-17,0.0,0.0,-0.002515647600612625
2021-09-20,0.0,0.0,-0.010705054879733056
2021-09-21,0.0,0.0,0.00949017386246398
2021-09-22,0.0,0.0,-0.0008740239935656202
2021-09-23,0.0,0.0,0.015746528367181822
2021-09-24,0.0,0.0,0.0016972499684944076
2021-09-27,0.0,0.0,0.00010644538279747096
2021-09-28,0.0,0.0,-0.0059646824901542495
2021-09-29,0.0,0.0,-0.0021015082285871234
2021-09-30,0.0,0.0,-0.005259376020738893
2021-10-01,0.0,0.0,-0.004886983449795879
2021-10-04,0.0,0.0,0.009080467581137563
2021-10-05,0.0,0.0,0.007407660919946268
2021-10-06,0.0,0.0,-0.009892144870289554
2021-10-07,0.0,0.0,0.008180302016037588
2021-10-08,0.0,0.0,0.005893622760496431
2021-10-11,0.0,0.0,0.0028359561343596074
2021-10-12,0.0,0.0,0.0025632525445875576
2021-10-13,0.0,0.0,0.00943759784921161
2021-10-14,0.0,0.0,0.009734787740718787
2021-10-18,0.0,0.0,0.007552396132719963
2021-10-19,0.0,0.0,-0.003155307734996393
2021-10-20,0.0,0.0,-0.008260625212080042
2021-10-21,0.0,0.0,-0.004844908296702255
2021-10-22,0.0,0.0,-0.003476668084567369
2021-10-25,0.0,0.0,0.000579633328010587
2021-10-26,0.0,0.0,0.007889480889700096
2021-10-27,0.0,0.0,-0.0031448386638428527
2021-10-28,0.0,0.0,-0.0194223384240636
2021-10-29,0.0,0.0,-0.010393515763905459
2021-11-01,0.0,0.0,0.014599655057507821
2021-11-02,0.0,0.0,-0.002270048271341696
2021-11-03,0.0,0.0,-0.0033400508475575075
2021-11-04,0.0,0.0,0.004913376165984751
2021-11-08,0.0,0.0,0.008469704042186388
2021-11-09,0.0,0.0,-0.001344921435271762
2021-11-10,0.0,0.0,-0.0014991358050348014
2021-11-11,0.0,0.0,-0.007970140510272006
2021-11-12,0.0,0.0,0.012820606684330382
2021-11-15,0.0,0.0,0.0003700663573213969
2021-11-16,0.0,0.0,-0.006087981951756416
2021-11-17,0.0,0.0,-0.005586294529162039
2021-11-18,0.0,0.0,-0.007478195643460861
2021-11-22,0.0,0.0,-0.019603372100156835
2021-11-23,0.0,0.0,0.004983697932798847
2021-11-24,0.0,0.0,-0.0050446817378146935
2021-11-25,0.0,0.0,0.006959452503032093
2021-11-26,0.0,0.0,-0.029071254187753914
2021-11-29,0.0,0.0,0.0016151341742889347
2021-11-30,0.0,0.0,-0.004148599194972014
2021-12-01,0.0,0.0,0.01081664117042136
2021-12-02,0.0,0.0,0.013674571102433752
2021-12-03,0.0,0.0,-0.01177768586739425
2021-12-06,0.0,0.0,-0.01654091957599968
2021-12-07,0.0,0.0,0.015636548581649423
2021-12-08,0.0,0.0,0.017060948527881648
2021-12-09,0.0,0.0,0.002696066593683266
2021-12-10,0.0,0.0,-0.00031677089480919296
2021-12-13,0.0,0.0,-0.008169055116863166
2021-12-14,0.0,0.0,-0.002495911181322197
2021-12-15,0.0,0.0,-0.005974060321640162
2021-12-16,0.0,0.0,0.0015678167505297491
2021-12-17,0.0,0.0,-0.01525945397337003
2021-12-20,0.0,0.0,-0.021842546279377872
2021-12-21,0.0,0.0,0.00942870544420904
2021-12-22,0.0,0.0,0.011007170994593363
2021-12-23,0.0,0.0,0.006909306212627531
2021-12-24,0.0,0.0,-0.004032754879180422
2021-12-27,0.0,0.0,0.004851870910828504
2021-12-28,0.0,0.0,0.008603409174043453
2021-12-29,0.0,0.0,-0.0011402602889762914
2021-12-30,0.0,0.0,-0.0005606259494814747
2021-12-31,0.0,0.0,0.008724831757606522
2022-01-03,0.0,0.0,0.015653315812207858
2022-01-04,0.0,0.0,0.01018687423526421
2022-01-05,0.0,0.0,0.0067395852346920915
2022-01-06,0.0,0.0,-0.010005417462796928
2022-01-07,0.0,0.0,0.003764183651131514
2022-01-10,0.0,0.0,0.010700318921871732
2022-01-11,0.0,0.0,0.002913311252602302
2022-01-12,0.0,0.0,0.008673115731830494
2022-01-13,0.0,0.0,0.0024956237305924223
2022-01-14,0.0,0.0,-0.00011232356375068253
2022-01-17,0.0,0.0,0.0028675682661627455
2022-01-18,0.0,0.0,-0.010653690567923424
2022-01-19,0.0,0.0,-0.00964224043394124
2022-01-20,0.0,0.0,-0.010112406160797005
2022-01-21,0.0,0.0,-0.007875745304668613
2022-01-24,0.0,0.0,-0.02656790518738339
2022-01-25,0.0,0.0,0.007513491221694313
2022-01-27,0.0,0.0,-0.00971173291462768
2022-01-28,0.0,0.0,-0.0004793161771092791
2022-01-31,0.0,0.0,0.0139107178709299
2022-02-01,0.0,0.0,0.013667938611870323
2022-02-02,0.0,0.0,0.011557838585399605
2022-02-03,0.0,0.0,-0.012362248664229525
2022-02-04,0.0,0.0,-0.0024998826581151823
2022-02-07,0.0,0.0,-0.017281112927623465
2022-02-08,0.0,0.0,0.0030876976246183574
2022-02-09,0.0,0.0,0.01141215233034587
2022-02-10,0.0,0.0,0.008133901085124018
2022-02-11,0.0,0.0,-0.01312629691281364
2022-02-14,0.0,0.0,-0.03061622289529342
2022-02-15,0.0,0.0,0.03025912638397754
2022-02-16,0.0,0.0,-0.0017432697608654735
2022-02-17,0.0,0.0,-0.001016014719190439
2022-02-18,0.0,0.0,-0.0016353356196504576
2022-02-21,0.0,0.0,-0.004031556958107085
2022-02-22,0.0,0.0,-0.006651566067580439
2022-02-23,0.0,0.0,-0.0016937094155936583
2022-02-24,0.0,0.0,-0.04778103847083648
2022-02-25,0.0,0.0,0.025261660109649586
2022-02-28,0.0,0.0,0.008134034290366632
2022-03-02,0.0,0.0,-0.011191633122935585
2022-03-03,0.0,0.0,-0.00649757722841704
2022-03-04,0.0,0.0,-0.015317032007332254
2022-03-07,0.0,0.0,-0.02352668473994779
2022-03-08,0.0,0.0,0.009474776509483585
2022-03-09,0.0,0.0,0.020726290088294297
2022-03-10,0.0,0.0,0.01526738719047449
2022-03-11,0.0,0.0,0.0021421537513466316
2022-03-14,0.0,0.0,0.014482565042708062
2022-03-15,0.0,0.0,-0.012346456503312231
2022-03-16,0.0,0.0,0.018745100484606647
2022-03-17,0.0,0.0,0.018361988356508263
2022-03-21,0.0,0.0,-0.009802202470463706
2022-03-22,0.0,0.0,0.011561223252155806
2022-03-23,0.0,0.0,-0.0040339354552280104
2022-03-24,0.0,0.0,-0.0013278937068936791
2022-03-25,0.0,0.0,-0.004049875890900112
2022-03-28,0.0,0.0,0.004022619949862971
2022-03-29,0.0,0.0,0.005998187274997013
2022-03-30,0.0,0.0,0.009982465582194733
2022-03-31,0.0,0.0,-0.001914477162001882
2022-04-01,0.0,0.0,0.011777965258592316
2022-04-04,0.0,0.0,0.021671841339984343
2022-04-05,0.0,0.0,-0.005317557796472028
2022-04-06,0.0,0.0,-0.008339180323571727
2022-04-07,0.0,0.0,-0.00943974110495216
2022-04-08,0.0,0.0,0.008208759390795572
2022-04-11,0.0,0.0,-0.006151497975913078
2022-04-12,0.0,0.0,-0.008183810641252287
2022-04-13,0.0,0.0,-0.0031174816283502382
2022-04-18,0.0,0.0,-0.017281188010147552
2022-04-19,0.0,0.0,-0.012519178806467801
2022-04-20,0.0,0.0,0.010490244596548015
2022-04-21,0.0,0.0,0.014941678252146096
2022-04-22,0.0,0.0,-0.012686452605167986
2022-04-25,0.0,0.0,-0.012695122564301942
2022-04-26,0.0,0.0,0.014560121616207233
2022-04-27,0.0,0.0,-0.009441443610115341
2022-04-28,0.0,0.0,0.012128508890934642
2022-04-29,0.0,0.0,-0.008263240381694681
2022-05-02,0.0,0.0,-0.0019559171203674675
2022-05-04,0.0,0.0,-0.022936183451936376
2022-05-05,0.0,0.0,0.00030284821366977077
2022-05-06,0.0,0.0,-0.0162684216398562
2022-05-09,0.0,0.0,-0.006666182687180999
2022-05-10,0.0,0.0,-0.003790968888092272
2022-05-11,0.0,0.0,-0.0044919933245182175
2022-05-12,0.0,0.0,-0.022211752141785834
2022-05-13,-0.0036540554620080167,-0.002446984342638156,-0.0016352232651188903
2022-05-16,0.0012618964568590525,0.005448178623560555,0.0038112305721171857
2022-05-17,0.027640996246685923,0.02718890019900572,0.026321935902047233
2022-05-18,-0.01728055955727037,-0.0012195138413863696,-0.0011685620062508173
2022-05-19,-0.012471626169556885,-0.02482279463396702,-0.026532725334179386
2022-05-20,0.014115014602750988,0.025134319849770357,0.028891038794289337
2022-05-23,-0.013676631300645016,-0.007071266767866512,-0.0031630222318707046
2022-05-24,-0.008196057478998143,-0.010052471845469863,-0.005522754266735541
2022-05-25,-0.010644716525666042,-0.010805635900717545,-0.006161219184365629
2022-05-26,0.0038832036644781704,0.008946787166934441,0.009007387318995308
2022-05-27,-0.013659658961819811,0.009175145280223939,0.011273847198922216
2022-05-30,0.01585937304523495,0.01752696614650442,0.018893205092962884
2022-05-31,0.017473203700103034,0.003469090624609688,-0.004612433983534836
2022-06-01,-0.009647442123404208,-0.0072575190260525165,-0.0037264067061659745
2022-06-02,0.004598558283154546,0.0034854275679670078,0.006370004993115463
2022-06-03,-0.004929714431340233,-0.010237512966368325,-0.002628050201467391
2022-06-06,-0.0005689440863970395,-0.0009421826990539111,-0.0008893953501298846
2022-06-07,0.0044288314867826405,-0.007924488881012735,-0.009245946006475991
2022-06-08,-0.004146862154756048,-0.0013812370471338801,-0.0036609606157923524
2022-06-09,0.006083855574203913,0.005253014877094045,0.00744972774168895
2022-06-10,-0.0024769448661741476,-0.008180749212610835,-0.016767698414100085
2022-06-13,-0.022224154846453122,-0.02518263557269634,-0.026379749115209128
2022-06-14,0.004018534147106325,-0.00040745582436363636,-0.00268160945598539
2022-06-15,-0.008470121886878741,0.0005105138331024172,-0.0025393443813560568
2022-06-16,-0.02615876732087158,-0.02470887831032727,-0.021128447854290244
2022-06-17,-0.010759791390367307,-0.011778007503474854,-0.00436829362663993
2022-06-20,-0.0128458492664012,-0.000408879518950602,0.0037042135956451006
2022-06-21,0.019595714718385216,0.02092228536319303,0.018804337854487096
2022-06-22,-0.014082620385728311,-0.016405193943501258,-0.014419265085317434
2022-06-23,0.0084264295842211,0.013605761110027368,0.009300447519609234
2022-06-24,0.011631404414672277,0.009561291074604454,0.009166472588529428
2022-06-27,0.016152419958077816,0.010806150337464626,0.008458990377725017
2022-06-28,0.011306894262226648,0.0027584416558923183,0.0011464333961117568
2022-06-29,0.010892339363605081,-0.0036726554115364095,-0.0032239710103227903
2022-06-30,-0.005273616986039449,-0.005767285889328446,-0.001193081241402827
2022-07-01,-0.01581871963971579,0.005820549776848425,-0.0017870563085186086
2022-07-04,0.004361177857645676,0.004464239003650974,0.005288188249805481
2022-07-05,0.000443337479726468,-0.0007578966606979707,-0.0015471713984448465
2022-07-06,-0.004924298635766968,0.013084382405921642,0.011318189707300252
2022-07-07,0.012399589096505695,0.011120137574769613,0.00894949203151052
2022-07-08,0.008964709699562177,0.004724482939761458,0.005436047866567373
2022-07-11,0.0046011686150554945,0.0029996880304332288,-0.00028356592763323363
2022-07-12,-0.011326298725244335,-0.009694261384425217,-0.0097249750439381
2022-07-13,-8.778375485975047e-05,-0.00016848858716038553,-0.005707292501522909
2022-07-14,-0.0002674317932918198,-0.0011160859226871794,-0.0017536552323109689
2022-07-15,0.006997830981107092,0.006212545087571825,0.0069359576863876615
2022-07-18,0.002538343714493105,0.014493079842094974,0.014287304158276504
2022-07-19,0.006193544267180038,0.004218757862876405,0.003811764271124396
2022-07-20,-0.001206058527041256,0.007786440635476469,0.01103388850696918
2022-07-21,0.00833221460609914,0.009851792319339215,0.005108719746296009
2022-07-22,0.00011262934967185955,0.0043542311063477345,0.006877295960614926
2022-07-25,-0.009977568370457818,-0.002589755416819334,-0.005290199311757782
2022-07-26,0.0037424292864582376,-0.0074579936488095066,-0.00884795806776506
2022-07-27,0.003953294244920486,0.010871184619773443,0.0095821774414373
2022-07-28,0.004778482207719278,0.014604550862709207,0.017293731123692924
2022-07-29,0.006473573299106678,0.014805229969002123,0.013505953826479233
2022-08-01,0.030880587655032873,0.010989004190695068,0.010595531668439406
2022-08-02,0.011055848529965677,0.0023190349225840155,0.000311327663805816
2022-08-03,-0.0016993095257438616,-3.958799193783533e-05,0.002461808358865669
2022-08-04,-0.00029713983938521073,0.001346030521041641,-0.0003537116074355806
2022-08-05,-0.001173682150987427,0.0010861151036755316,0.0008917270739845495
2022-08-08,0.014275139492879129,0.005109197963939062,0.007334364671648164
2022-08-10,-0.0004933329323523871,0.002027621609656171,0.0005506610997998429
2022-08-11,-0.0038165854456329437,0.003577094114541199,0.007085929368824795
2022-08-12,0.007273906858470716,0.0023790056282800734,0.0022170219505635025
2022-08-16,0.01557339492643545,0.009314741203985986,0.007181519343531395
2022-08-17,-0.0014308946729047495,0.007458901791490856,0.006675923198833145
2022-08-18,0.008083968338791915,0.00129772795430099,0.0006826699360520383
2022-08-19,-0.01294693725939969,-0.010620352044321168,-0.011029475746944017
2022-08-22,-0.005503106845205433,-0.016655954028103964,-0.0150773300473388
2022-08-23,0.016168332456091915,0.007925398039507089,0.00496268217550444
2022-08-24,0.003958926597691902,0.0023957892042990587,0.001561611079505143
2022-08-25,-0.007878913117782613,-0.002829767732045057,-0.004686182219266755
2022-08-26,0.013516288454337694,0.006017013662036911,0.002080255529346653
2022-08-29,-0.0006669909672474908,-0.0099313405861525,-0.014009988924553851
2022-08-30,0.020019005698113428,0.021712936487258975,0.02578426378902554
2022-09-01,-0.004838492111127785,-0.007512096155296185,-0.012190795272107646
2022-09-02,0.008699503430098635,-0.002244161433209642,-0.0001910505934481499
2022-09-05,0.006028014244451699,0.005044210849030967,0.007203850071011875
2022-09-06,0.000864510421116841,0.0006508831650854155,-0.0005774531254664206
2022-09-07,5.221166459972417e-05,0.003347884574601452,-0.0017671004916441913
2022-09-08,0.008887623249536238,0.008137882348341268,0.009892512965589573
2022-09-09,-0.005240585080266704,0.0022685948945531105,0.0019439347917691308
2022-09-12,-0.003143384508017131,0.006104883637334698,0.005775695663245095
2022-09-13,0.009862402234368677,0.0065439126577581915,0.007454201929980142
2022-09-14,0.004759693349234765,-0.0011679813857382094,-0.0036690976717561608
2022-09-15,0.011160344233465718,-0.005752561585250479,-0.007017960667916379
2022-09-16,-0.016862959506507322,-0.019767044910961262,-0.019384853148544656
2022-09-19,0.013865513227649168,0.004853979398489367,0.0052136885924867205
2022-09-20,0.005587174797853899,0.013476222406072722,0.011008809885230342
2022-09-21,-0.005462913887254978,-0.009127116899943808,-0.005495005437451739
2022-09-22,0.0022419610019021366,-0.001626398902351697,-0.004997577656902563
2022-09-23,-0.020044761562385556,-0.015891899638748222,-0.017155677232420508
2022-09-26,-0.029435306145011435,-0.01913685222819372,-0.017951321762256445
2022-09-27,0.002184891732090532,0.000991248153862171,-0.0005230508522044985
2022-09-28,-0.008809832906880635,-0.005773027283369887,-0.00874917846539458
2022-09-29,0.009457362184687235,-0.0006351853298984227,-0.0024023347691036756
2022-09-30,0.0018899969952629286,0.012545896346225048,0.01642575596626905
2022-10-03,-0.02546296563032477,-0.011685637599545872,-0.012109264448790458
2022-10-04,0.018201296914881093,0.020888444685511934,0.02291367093271912
2022-10-06,0.010012705807168197,0.004367433147154566,0.0033286441360573793
2022-10-07,-0.006743241197954773,-0.0013010170323443225,-0.0009895331040011834
2022-10-10,-0.0070497644468670425,-0.004235764699010461,-0.00425364584114718
2022-10-11,-0.005511575870643054,-0.017245110424863673,-0.014932383199930399
2022-10-12,0.012674466520551597,0.009895392697300017,0.008246145339619648
2022-10-13,-0.0011323738303513522,-0.005316217109808261,-0.006380083772817624
2022-10-14,-0.0020702345653722575,0.0036840405164799985,0.010070888003887335
2022-10-17,0.0004309269534311229,0.003832717459434861,0.007337586960815656
2022-10-18,0.021508883929824335,0.010297516067717996,0.010117285874136073
2022-10-19,0.002554301533175723,-0.0015996358413697949,0.0014468379208691928
2022-10-20,0.015693611395887538,0.00700539897514418,0.0029521745492440132
2022-10-21,-0.008698157164083816,-0.0014456829381214265,0.0007032337856462956
2022-10-24,0.004393029819378808,0.007500832174408678,0.008787356376761757
2022-10-25,-6.987494880681238e-05,-0.0007362245739146588,-0.004196122026705051
2022-10-27,0.00564659161883478,0.00725376047012746,0.004564907874966551
2022-10-28,0.0004165052747210142,0.001784968412148867,0.002810605244745412
2022-10-31,0.010997565543661823,0.010892853552064345,0.012672230395564199
2022-11-01,0.03311237469717163,0.009920624059846861,0.007395053222392978
2022-11-02,0.00261790899615581,-0.00477071391262597,-0.003447197631545107
2022-11-03,-0.0007816493700830181,-0.000926393382352566,-0.0016673473084335422
2022-11-04,0.029174194685560047,0.0055754085598998275,0.003570168155688336
2022-11-07,0.014678386662478506,0.005209535996212447,0.004727586225111935
2022-11-09,0.007897345991505062,-0.00393517870999063,-0.002516139235956394
2022-11-10,-0.009028801981014172,-0.008433414535899963,-0.007093725904609771
2022-11-11,0.0008291517930885868,0.008475843729205255,0.017833173247033374
2022-11-14,-0.005104390166171213,0.000562150038017934,-0.0011198455015547504
2022-11-15,0.0007629162922728437,0.0051448388536274635,0.004050924260950772
2022-11-16,-0.01226669002395892,-0.002996018681620979,0.0003396111515991951
2022-11-17,0.006439800149816527,-0.0038964821417952905,-0.00357149639481924
2022-11-18,-0.0051074454598190565,-0.00473417447990628,-0.00197613371355454
2022-11-21,-0.00550752485193032,-0.005192828709959183,-0.008067729540576885
2022-11-22,0.006657992762989827,0.00482465222667335,0.00463933015368867
2022-11-23,-0.015306550701357304,0.0013562771411645585,0.0012634580983039712
2022-11-24,0.0009744688022573801,0.01040518224301256,0.011870949889830174
2022-11-25,-0.0009313094880551071,0.0026615219708788227,0.0015500019600884762
2022-11-28,-0.002900014486327958,0.003333290750576391,0.0027008413120686026
2022-11-29,0.003181669076268533,0.0022930516313285215,0.00297912654375021
2022-11-30,0.005253138136258049,0.010273037778308269,0.007535634625419174
2022-12-01,-0.0029262933914377615,0.0031295963835151373,0.002886735334004964
2022-12-02,-0.0026117378435290403,-0.003648810458379759,-0.006187396179402005
2022-12-05,0.001727651902669964,0.0024531024126165143,0.00026482378562620035
2022-12-06,0.012363465451852133,-0.0037414908080667087,-0.0031175136590962937
2022-12-07,-0.0022400053577399277,-0.005336730269079822,-0.004411902750398933
2022-12-08,0.001958865237147766,0.001877385855987435,0.002631912360927746
2022-12-09,-0.0008509783278075511,-0.0050788069901847414,-0.006058782405979346
2022-12-12,0.0033667863519461563,0.0019347190802131186,2.977743269738653e-05
2022-12-13,0.00907028312721704,0.004070832674994957,0.0059927938646799905
2022-12-14,-0.0001644877782102702,0.005274374925042244,0.002810661073194387
2022-12-15,-0.01057246512895009,-0.010103522124481625,-0.013150934355333654
2022-12-16,-0.013618852533828493,-0.011268863576027861,-0.00792295301794177
2022-12-19,0.01706132010791125,0.010336197937268445,0.008289956688926514
2022-12-20,0.005991488093877805,-0.004068641288830568,-0.0019081205394395617
2022-12-21,-0.025522512081066005,-0.00674549778720268,-0.01012771964355863
2022-12-22,-0.0076772126451778245,-0.005864802154453636,-0.003942502735851727
2022-12-23,-0.0315066239843527,-0.020297985284956143,-0.01768316025411787
2022-12-26,0.017781770203985414,0.010122492246533728,0.011669632893506865
2022-12-27,0.0034350145742314923,0.008522639910889543,0.006533654614990558
2022-12-28,0.004515273497295889,0.0002758936715691434,-0.0005405150382313817
2022-12-29,0.0023224748792461188,0.0021483249219442758,0.00377983170092433
2022-12-30,0.00041978340459795265,-0.0015713098353757734,-0.00471107793689185
2023-01-02,-0.0003555212041376082,0.003769420718873124,0.005089583355357918
2023-01-03,-0.002643720486540203,0.002324958139291478,0.00192892762485819
2023-01-04,-0.00946577172528441,-0.009012050314941362,-0.010399069487028845
2023-01-05,0.0109249181408713,0.0022350256229230693,-0.0028154392892826285
2023-01-06,-0.0013058235884989315,-0.00755336731347733,-0.007375503705446151
2023-01-09,0.009225045544769191,0.011272281044499297,0.013536251708490266
2023-01-10,-0.024092188188553017,-0.006821685960327047,-0.010333504750958511
2023-01-11,-0.005840041189742991,-0.0033800669430733648,-0.0010299775022909463
2023-01-12,-0.0018155272705993476,-0.0006570842633483494,-0.00209547554088918
2023-01-13,0.0047275577799019055,0.006223399196485619,0.005510095918388247
2023-01-16,-0.006491566974508404,-0.0025388439793113623,-0.003438847072569362
2023-01-17,0.005168545648668438,0.0054790049485757076,0.008854568511824201
2023-01-18,0.0018388367586129474,0.0053293044327209875,0.006206556323560042
2023-01-19,-0.012210961969534381,-0.002240387669937289,-0.003165367099256078
2023-01-20,0.0033859427884504263,-0.006681257351093603,-0.004428975305189153
2023-01-23,0.005918760035819159,0.0031776936418123954,0.005042276095628795
2023-01-24,0.0011981734342020544,-0.0028822471897625556,-1.3798013043020418e-05
2023-01-25,-0.005324079298381684,-0.009874295166199696,-0.01249297962501228
2023-01-27,-0.0367450384616978,-0.01427568187563126,-0.016074246906178757
2023-01-30,0.012564330794149781,0.002030883119672321,0.0025334426073457816
2023-01-31,0.024288621526179,0.003732658507866891,0.0007479862801675896
2023-02-01,-0.06295500725210018,-0.013318123193597294,-0.0025959245256645946
2023-02-02,-0.044035574899212025,-0.007532451326032334,-0.0003349392530399564
2023-02-03,0.01102718682875135,0.010633533450029889,0.013835596307890219
2023-02-06,0.00027164206683267053,-0.00107824853343097,-0.005010133160870178
2023-02-07,0.022472639122718404,-0.0004065854468761122,-0.0024261514654264627
2023-02-08,0.055777493449215836,0.011863949035333126,0.008475536424681795
2023-02-09,-0.030479613025411856,-0.0019148460141942512,0.0012170079483646568
2023-02-10,-0.016090512863196182,-0.0017154448698343213,-0.0020649578680046465
2023-02-13,0.0015523957587348053,-0.004694531586315976,-0.00479375070002519
2023-02-14,0.021149079381514745,0.004033691480869473,0.0089443537049958
2023-02-15,0.006108472270807046,0.007615488763654758,0.004796470794436125
2023-02-16,-0.0010216042472103901,0.004659606031258588,0.0011101336008929596
2023-02-17,-0.003655022150930762,-0.0043245350898610405,-0.005081567689351307
2023-02-20,0.00040513903793522934,-0.004234724840222971,-0.005550518480140765
2023-02-21,-0.001934547298760253,-0.0031396977348993405,-0.001003126492992057
2023-02-22,-0.004381937373807041,-0.01512875190047424,-0.015280363131582653
2023-02-23,0.004938929782147795,-0.002170596087762563,-0.002452434977984641
2023-02-24,-0.009666152319300583,-0.0026055746350115584,-0.002595429723749043
2023-02-27,-0.010046128144906808,-0.007888252102871742,-0.004185411445805309
2023-02-28,-0.005010299151640295,-0.0024505112453880686,-0.0051027157362857345
2023-03-01,0.0028572981297999506,0.011822566675247169,0.008492348770636093
2023-03-02,-0.00738094325417222,-0.002837978689520627,-0.007392168719804415
2023-03-03,0.018626494550546196,0.012888106294336149,0.015728598629827895
2023-03-06,0.0038280469831681835,0.005466309774504236,0.006655523618366965
2023-03-08,0.010690237949054035,0.0037939235533454786,0.0024250512391459367
2023-03-09,-0.016430035750790505,-0.008263386150928972,-0.009282249899975281
2023-03-10,-0.0031249929086101316,-0.00480656489977305,-0.010045664635585094
2023-03-13,-0.014378776833836057,-0.012748508113042524,-0.014851035931626178
2023-03-14,-0.013063814644747004,-0.007649251545241528,-0.006470680525861194
2023-03-15,-0.002326172681098867,0.0016830116531279216,-0.004174683738684903
2023-03-16,0.007357296566581805,0.0027759747819998243,0.0007924286811309411
2023-03-17,-0.00816538794788548,0.005697586869469242,0.006738129621978839
2023-03-20,0.002411351144954546,-0.007495885741310951,-0.0065292432199922645
2023-03-21,-0.005102373050813687,0.0024780743848686394,0.007010642946744028
2023-03-22,-0.0011590186332766546,0.002553178713770447,0.0025953757489405316
2023-03-23,0.004464961153594832,-0.0024433536419675036,-0.004372693304643627
2023-03-24,-0.007823984115787976,-0.00933474570398555,-0.007720933328590696
2023-03-27,-0.00036776816514897374,0.0005423983556900302,0.0023988383407489433
2023-03-28,-0.0019537660619311425,-0.006301150373932795,-0.002001683861354908
2023-03-29,0.010961356459378171,0.013197300916298354,0.007609856589321451
2023-03-31,0.005623562344087976,0.010752497411688185,0.016337198944623932
2023-04-03,-0.002724203395723178,0.004050596440522023,0.002206297973761151
2023-04-05,0.007389683889250539,0.004490660580685953,0.009138954817361267
2023-04-06,0.002139650835879352,0.0020028673140513155,0.002397874785437182
2023-04-10,0.004961392205433312,0.004788081391102268,0.0014148632219350699
2023-04-11,0.01310335844630181,0.006788620736210486,0.005574768321964241
2023-04-12,-0.004617113994914905,0.0054254054619415236,0.005083967961446945
2023-04-13,0.0025175924680217775,0.0003750047526785549,0.0008757724412713497
2023-04-17,0.007201819193306574,-0.00046757773859856864,-0.006795512150830185
2023-04-18,-0.0042115145983749915,-2.6211052937951674e-05,-0.0026373533282438855
2023-04-19,0.001009266165276784,-0.00324042901699427,-0.002344283016240789
2023-04-20,0.0011349568254558537,-0.001225546496073913,0.0003234746363958152
2023-04-21,0.014484258425906475,-0.0018522264359293863,-2.260708945023282e-05
2023-04-24,-0.00047316822902636346,0.004818108225678208,0.006771973756565242
2023-04-25,0.008168572618228839,0.0035444008001335224,0.0014568576938982503
2023-04-26,0.0015849666981770168,0.0024943073437351136,0.0024958627615121465
2023-04-27,0.007817202414316557,0.006545904506478538,0.005695152810193838
2023-04-28,0.020308122248513784,0.010252315631546435,0.008370013603697934
2023-05-02,-0.001348108472245242,0.0056298661514276845,0.004575166931912511
2023-05-03,0.004421322672555906,-0.003818863755093646,-0.00318502836487633
2023-05-04,-0.0017432840711728143,0.007295871645442276,0.009173717607303677
2023-05-05,0.004703774578357255,-0.0031983767072557043,-0.010232406865540389
2023-05-08,0.004992758082353311,0.009304604552955887,0.010814123118324304
2023-05-09,-0.008614132439593363,-4.4824602428914055e-05,8.480038171931881e-05
2023-05-10,0.003098254551340305,0.0027830176648658833,0.0026908205008338015
2023-05-11,-0.005697723083782517,-1.5725025203922997e-06,-0.0009882342854272697
2023-05-12,0.002522806962259209,-0.0021114474852972965,0.0009728797753729701
2023-05-15,0.01301752582153298,0.0031000793721347158,0.004589120522186851
2023-05-16,-0.009019358697574495,-0.00200847879796686,-0.006106338807060685
2023-05-17,0.00645413618024406,-0.0039418617243322665,-0.005728269488420423
2023-05-18,-0.016638512425056887,-0.006704291662735455,-0.002849053652701161
2023-05-19,-0.0020481300922978026,0.002763351975234952,0.0040513721791914925
2023-05-22,0.0037278642563752856,0.011381363112216982,0.006097761825706316
2023-05-23,0.005032900445895247,0.005414719570263479,0.001834600568861644
2023-05-24,0.00517945109220431,-0.000813342638534969,-0.0034117947119577385
2023-05-25,0.010788418871425572,0.0032251133379748724,0.001955111686716471
2023-05-26,0.0057951743203050994,0.009146426572525311,0.009726420827874671
2023-05-29,0.008481445829949627,0.004862934986913433,0.005367798508963517
2023-05-30,0.008215499840542807,-9.969501198466081e-05,0.0018925684396833287
2023-05-31,-0.005019081931299374,-0.001660321690165813,-0.0053370195013254795
2023-06-01,-0.010692986496506319,0.00018810847212831597,-0.0025169624936233204
2023-06-02,0.006323769849828536,0.005374923226468862,0.002507044360454902
2023-06-05,-0.00025591841749679684,0.0018469874674619084,0.003223787573137793
2023-06-06,0.0032273182171986253,0.0030264283763656113,0.00027699431442118616
2023-06-07,0.013459498524262625,0.009209332908680486,0.006849851638528914
2023-06-08,-0.00499793821646472,-0.006541873547715986,-0.0049048192636628185
2023-06-09,-0.004324161256520084,-0.003968043314196325,-0.00381819725413457
2023-06-12,0.00041904881379676017,0.0043699154918016275,0.0020524046550352004
2023-06-13,0.01117947833638727,0.0059303869088195085,0.0061635024393194016
2023-06-14,-0.0010532341868765068,0.0037806150645349618,0.0021238341844009856
2023-06-15,0.004582997398705773,0.0003641189294300859,-0.0036149041015322014
2023-06-16,0.006769454553932257,0.0050561905537607355,0.0073790483520230765
2023-06-19,-0.005087061041711328,-0.004546497555600611,-0.0037475183921172883
2023-06-20,0.0027004700564596984,0.0030251497564928696,0.003265717567498605
2023-06-21,-0.005450215629561371,0.00034118151023432064,0.0021337637466720683
2023-06-22,-0.004437605729978647,-0.006178377102948562,-0.004539443817404343
2023-06-23,-0.006195785767906267,-0.008539004367667857,-0.005633615236065759
2023-06-26,0.0030580108373343996,0.004021819933631882,0.0013768299134766515
2023-06-27,0.0016273483135626342,0.004242917478634283,0.00675190341711196
2023-06-28,0.00807207028021063,0.008780697011014168,0.00822107281232487
2023-06-30,0.00646822815695998,0.009838708905039777,0.01143527476356887
2023-07-03,0.008824182395075332,0.003821729994300787,0.00695709243369369
2023-07-04,0.0018561696634556385,0.0035460366301972557,0.003438946519135566
2023-07-05,0.00952334628079943,0.006361845718731,0.0004899685388621844
2023-07-06,0.008051097988539837,0.005925570417116803,0.00509321758125636
2023-07-07,-0.01391615524156882,-0.010075695459035118,-0.00848835445771845
2023-07-10,-0.004869147897769228,-0.002404876869641288,0.0012466303397029588
2023-07-11,0.009840795442479625,0.005535779057043144,0.004313930032438185
2023-07-12,-0.003212191603085952,-0.0010901468341605347,-0.002834429471475497
2023-07-13,-0.0005507743081116402,-0.0025773668353841835,0.0015192303855748879
2023-07-14,0.002733047377930408,0.008303470494835607,0.007765114931427508
2023-07-17,0.0020668093785595892,0.003895809359096181,0.007511013251041421
2023-07-18,-0.00401134538742378,-0.0011042807977223515,0.001917706853032497
2023-07-19,0.007285275867003437,0.0038629276654816493,0.004248282371482448
2023-07-20,0.010904490343097227,0.005163169531206068,0.007361412439498949
2023-07-21,0.004147105293788511,-0.007089472641830422,-0.011719737128305097
2023-07-24,-0.00981460338945618,0.0002192316990666617,-0.0036794322929856182
2023-07-25,-0.009592333294500243,0.0021678732868933323,0.0004193703428323481
2023-07-26,0.013220464433465822,0.003743033408311552,0.004964339187534694
2023-07-27,-0.007364117785082814,-0.004840531065004417,-0.0059863783008722304
2023-07-28,0.003092515402309766,0.003012615274303085,-0.0007044597937843067
2023-07-31,0.0009462557488450047,0.006216412862515897,0.005484562836559181
2023-08-01,-0.0016796501623939425,-0.0011099252930440008,-0.0010251191770254131
2023-08-02,-0.006815436425765872,-0.01012501896009659,-0.010489749274959825
2023-08-03,-0.009416130076898042,-0.005415369055233953,-0.007420685416911321
2023-08-04,0.0029183253641317346,0.0039814479203392535,0.006983389270114548
2023-08-07,-1.4524172299925777e-05,0.0053739590855380465,0.004114401867602702
2023-08-08,-0.0038307691337101566,-0.0007527723823048809,-0.0013497354646058168
2023-08-09,0.00886295256090476,0.005614720622584429,0.003152707884763739
2023-08-10,-0.006193237854965771,-0.0026489216279700807,-0.004556268458015711
2023-08-11,-0.0063138087495512325,-0.005611030955086803,-0.005874136161590715
2023-08-14,0.0001005688499498498,-0.0036526076340216342,0.00032169565781225984
2023-08-16,0.004062911694813735,0.0018482063201411317,0.0015667570139761278
2023-08-17,-0.009415193685380052,-0.0023448022387485916,-0.005124582584125403
2023-08-18,-0.004002740812585891,-0.003210902205419222,-0.0028452826260957353
2023-08-21,0.007569745900455636,0.007631110948473325,0.0043215209131937105
2023-08-22,0.004978067497050061,0.0011790264514908617,0.00014693555773015454
2023-08-23,-0.0006796226493020173,0.0006873255851978658,0.0024515199000461063
2023-08-24,-0.003915865326481947,-0.0017529386731819769,-0.002946964680621278
2023-08-25,-0.010214856084158112,-0.00661072848144762,-0.006236153774081932
2023-08-28,0.002855631262933847,0.003048195948119783,0.002089194238900971
2023-08-29,0.0008272428583057534,0.004216380886992313,0.0018957584743610756
2023-08-30,-0.0014256096387448138,0.0006185977392483799,0.0002480956863764039
2023-08-31,-0.0069361432752348,-0.007266387434706537,-0.004840350603388277
2023-09-01,0.011120317205747606,0.01281785757066427,0.009426710188917609
2023-09-04,0.006267586687058427,0.008910831554471518,0.004810833701642592
2023-09-05,0.004328023434948159,0.0030605958002028486,0.0023605960187407238
2023-09-06,0.00231708155512592,0.0018206216652519188,0.0018467726478093027
2023-09-07,0.004844446454111503,0.005183271611778968,0.005915032360780392
2023-09-08,0.007087682801571355,0.004285276375113426,0.004709190366575022
2023-09-11,0.005667804507559002,0.010249473100816121,0.008900143420050854
2023-09-12,-0.0024574881951077193,-0.005903359034220922,-0.0001575482868895195
2023-09-13,0.0074343671586847284,0.00541864879543084,0.003841345269944396
2023-09-14,0.003723638340541831,0.005198837452179189,0.001649208239910216
2023-09-15,-0.0028179114561851697,0.003782558914999663,0.004439613877174287
2023-09-18,0.002179319551657646,0.0005984060250689216,-0.002924316846098174
2023-09-20,-0.002821721157728891,-0.008156448013770393,-0.011518249945432046
2023-09-21,-0.005299302972133588,-0.005867614441366103,-0.007991939166498319
2023-09-22,-0.006988212703284288,-0.002924112641994257,-0.003449417659114995
2023-09-25,-0.0027004350076401786,0.0011715150205018432,1.5288066889551644e-05
2023-09-26,0.0037541409027320614,0.0005537533543975412,-0.0005007261720755274
2023-09-27,0.006422342875799375,0.0024152096370058736,0.002631619198663282
2023-09-28,-0.006107836238511687,-0.012598415101613225,-0.009783629666773708
2023-09-29,0.015252840462016302,0.008905613414818764,0.005877516917168757
2023-10-03,-0.011470131559613251,-0.00624453823278062,-0.005578424654468894
2023-10-04,-0.012214731269902078,-0.007464276923125286,-0.004744307271330683
2023-10-05,0.0018119206146107385,0.0038082003176137386,0.005641584105285702
2023-10-06,0.003125340360408539,0.006827483633987849,0.0055127073660514725
2023-10-09,-0.0010967976778185513,-0.00721701592668564,-0.00718194675884698
2023-10-10,0.005557300661036917,0.010164853422392423,0.00909680297624016
2023-10-11,0.004538083612624352,0.007176877326353834,0.006170692128707245
2023-10-12,0.0009898323640203156,-5.7257955479558243e-05,-0.0008757409120068171
2023-10-13,0.0025511216656587303,0.0002355319908534911,-0.0021698099802970328
2023-10-16,0.0033788354591548445,-0.00016969765043711843,-0.0009772027556287366
2023-10-17,0.002481298937665246,0.004418939910839434,0.004041709427698992
2023-10-18,0.0007756273042396145,-0.004507638467113563,-0.007086812741337156
2023-10-19,0.0068667428526574,0.00023665803048205386,-0.0023588102112444
2023-10-20,-0.006482399528368826,-0.005817497189413573,-0.004180896084593599
2023-10-23,-0.01391463120024883,-0.01517866907250952,-0.013350307425555652
2023-10-25,-0.0069195426333394285,-0.006598038649758415,-0.008277236732921023
2023-10-26,-0.012201558345974807,-0.014281438402428846,-0.013853064912347501
2023-10-27,0.013571297782706175,0.009895745211928679,0.010075700327460302
2023-10-30,0.00542637471089087,0.0031021996735342947,0.004916740769664862
2023-10-31,-0.0012587533821722295,-0.00043383836872467273,-0.0032026069828995363
2023-11-01,-0.0015168541499841046,-0.005418917839622237,-0.004740624572936891
2023-11-02,0.007555160147277089,0.009226318338320447,0.007588523257266999
2023-11-03,0.005450166019942401,0.005704105213056078,0.005087980838331285
2023-11-06,0.014219582852692822,0.011572092168733417,0.00941990339899168
2023-11-07,0.004698602762752234,0.002493351878597386,-0.000260191958478706
2023-11-08,0.004546850776975876,0.0033897087296313583,0.0018962926582819506
2023-11-09,-0.0007426120142446071,-0.0010442399555208994,-0.002478937369815082
2023-11-10,0.004264620590130141,0.001164699509219235,0.001549283945833313
2023-11-13,0.005616775866505268,0.003428146375391381,0.0009369804014345284
2023-11-15,0.011696123155651146,0.011449008503342692,0.011926753508604282
2023-11-16,0.00526107207252014,0.006059609790144407,0.004561522280999375
2023-11-17,0.0009649698663798072,0.0011844554795667063,-0.0016897597201204206
2023-11-20,-0.000933022585966504,-0.002156458209615055,-0.0019157289123818977
2023-11-21,-0.0038233043175728704,0.003715971762911396,0.0045394734754240496
2023-11-22,0.004200202960073488,0.001862971664232714,0.0014380348265852216
2023-11-23,0.006406985483314893,0.00024291885283255182,-0.0004971574875239915
2023-11-24,-0.002243603390471713,-0.0017419687985738028,-0.00036868908443588033
2023-11-28,0.01670269370949734,0.01046362808385814,0.004799264638990497
2023-11-29,0.004339753586424764,0.007529035679589798,0.010402389113554511
2023-11-30,0.011834453882735152,0.006696150113422603,0.0018187545137213768
2023-12-01,0.008546949138884135,0.005043136311759006,0.0066929416105065975
2023-12-04,0.029505901998319605,0.019399494530252907,0.020668169003769332
2023-12-05,0.004609432064890912,0.011052214203631195,0.008135565760247543
2023-12-06,0.005805323005182595,0.0010955877918623104,0.003960643244200535
2023-12-07,0.00035608687111759714,0.000799363037802302,-0.0017455990623970186
2023-12-08,-0.005770242691195034,-0.0011640168902010831,0.003265370504707432
2023-12-11,0.002884798728981374,0.0016720275150000855,0.001320935183362959
2023-12-12,-0.002540569859977645,-0.002292106307848065,-0.004319607014175553
2023-12-13,0.009970850621977377,0.004023299458886852,0.0009542158562574343
2023-12-14,0.007004091289730914,0.009500714934232785,0.012250087289956912
2023-12-15,0.013926741708766708,0.012026986125974002,0.012932779200891975
2023-12-18,0.002580380028957334,-0.001302215555045274,-0.0017710126840955187
2023-12-19,0.008148538658813697,0.0018988382858436137,0.0016083748565725031
2023-12-20,-0.01923342423263295,-0.018468151139844888,-0.01412146609423337
2023-12-21,0.002073549059907179,0.004307146368421978,0.004959794076523361
2023-12-22,0.011292284710653744,0.008612321327345332,0.004438926556610712
2023-12-26,0.013370985185085572,0.008595984507825673,0.004306875934107168
2023-12-27,0.010064086895096237,0.009234706993299887,0.0099527499207277
2023-12-28,0.013280682084794763,0.009424990573668041,0.005723881307796219
2023-12-29,-0.003124447386557237,-0.0018868856028032743,-0.0021717930740454694
2024-01-01,-0.0011250363122676512,0.0012717232798835046,0.00048317180721269004
2024-01-02,-0.004917042893272536,-0.0013290695658498988,-0.003500136051024061
2024-01-03,0.011278444659019365,-0.004619557789095077,-0.00685186637566948
2024-01-04,0.004216476264663512,0.00483395234131126,0.006564470186349425
2024-01-05,0.004600692120160001,0.0004376259717887823,0.002410182228605562
2024-01-08,-0.0003512393213397618,-0.00815411250148514,-0.00911070868564301
2024-01-09,0.0074019693497281115,0.0038520093134691118,0.0014804820050666745
2024-01-10,-0.006378825537070297,0.000208113227735065,0.0034277152411805734
2024-01-11,0.008657719720037784,0.0024665035264258856,0.0013183031833516878
2024-01-12,0.009930433111900547,0.008614327607000543,0.011426492637705898
2024-01-15,0.0099013515989917,0.007174192923331545,0.009267074694848665
2024-01-16,0.002275688350474334,-0.001977032007988835,-0.0029482333845447517
2024-01-17,-0.006090524646495656,-0.013471421796471272,-0.020894393512082443
2024-01-18,-0.007609404664100755,-0.003618165773105504,-0.0050852715087356115
2024-01-19,0.017605747111395655,0.010842815442323406,0.00746195718645537
2024-01-23,-0.019319858831140208,-0.017935804296171608,-0.01774084294273448
2024-01-24,0.01779950154499329,0.014754767423481027,0.010129971071150878
2024-01-25,0.006717636930836196,-0.0045064501533152185,-0.004724053755400193
2024-01-29,0.017514458109232352,0.0164250008064212,0.018030591452244726
2024-01-30,-0.013059914163910462,-0.007749029551690257,-0.009913698102483215
2024-01-31,0.002092333239700461,0.011794443278346582,0.009460025419002926
2024-02-01,-0.00018392154744745854,-0.0005859854134059224,-0.0013003033741542103
2024-02-02,0.02025785430391633,0.012783065435119317,0.007205988175093214
2024-02-05,0.006653246109048631,-0.0032448625132992038,-0.0037568550808078083
2024-02-06,0.016547695489374514,0.010473890683906285,0.007243402101531293
2024-02-07,0.0003670069543582047,0.002644156188532199,5.014315737827957e-05
2024-02-08,0.0001063104741101785,-0.008104425673925955,-0.009692017110872975
2024-02-09,-0.007366891489477147,0.002028938332544338,0.0029722318898448563
2024-02-12,-0.012299011967639923,-0.007506064836170449,-0.0076414194307357075
2024-02-13,0.008276276226348713,0.0035958556010896757,0.005884480011507653
2024-02-14,0.014881028600404023,0.007468766281552324,0.004451992284961959
2024-02-15,0.009183768334279353,0.004828121070136275,0.0032371361888359207
2024-02-16,0.008938880790333937,0.007632579884167078,0.005930843022260657
2024-02-19,0.004807585881585426,0.004212705879519484,0.0037000088082788096
2024-02-20,-0.004846728436025364,0.0009434995228844597,0.0033766555730090353
2024-02-21,-0.013901700114587523,-0.006873882433521552,-0.006392700010330099
2024-02-22,0.011388204035816944,0.007592660126109138,0.0073633218581414805
2024-02-23,-0.0037117261294229756,-0.001151502033119144,-0.0002137959201901074
2024-02-26,0.002803933880721065,-0.004197880174804604,-0.004080928508836235
2024-02-27,0.003929584800899518,0.0019961062880549285,0.003448994348646428
2024-02-28,-0.019941574801996688,-0.014932790538735887,-0.011135927809948543
2024-02-29,-0.004993213825087368,0.0014281348476152562,0.0014418556686905948
2024-03-01,0.010442064982886832,0.013861805303979286,0.016192168700068565
2024-03-04,0.01302339769444542,0.003616989801151993,0.0029925402887358565
2024-03-05,0.008745635538920826,-0.002839692691688804,-0.00220029050703785
2024-03-06,0.013004041903616592,0.00395299477275626,0.005266971542034149
2024-03-07,0.00806994503928838,0.0032994554945201264,0.0008676673462120199
2024-03-11,-0.011777654224147555,-0.003467561989343646,-0.007153178801771132
2024-03-12,-0.009433146987765017,-0.005699175668186514,0.0001365188668460693
2024-03-13,-0.03242343228742081,-0.02305139964910585,-0.015132725270416536
2024-03-14,0.015430720394019742,0.012329390354369084,0.006771215952804832
2024-03-15,-0.010404621427482325,-0.005317405376784368,-0.005567468627318717
2024-03-18,0.005673404527283732,0.0016422559905144712,0.0014688778023679294
2024-03-19,-0.012914488204593226,-0.013715263717132416,-0.010802196640288697
2024-03-20,0.0018096383495389127,0.00224256763699865,0.0009923428906801757
2024-03-21,0.016964324611432588,0.011399012336878619,0.0079146856998078
2024-03-22,0.012194786631358347,0.007614069709071247,0.0038524885010076115
2024-03-26,-0.0015805591322064728,-0.0014614206849880244,-0.00416580634029895
2024-03-27,0.004173667486267223,-0.0002081896484049457,0.005405716783151604
2024-03-28,0.00951855718652939,0.012816225724662218,0.009187001078543977
2024-04-01,-0.002232606343472699,0.007236651376798329,0.006050979178091831
2024-04-02,0.00859605528042183,0.0030014088579621567,-0.0003872860275131451
2024-04-03,-0.008574463393455465,-0.0019218167198477762,-0.0008306302403686683
2024-04-04,-0.001979605248995442,0.0011819809314201127,0.003565912488363576
2024-04-05,-0.008730207119689776,-0.002221866061531639,-4.224679746289706e-05
2024-04-08,0.004245607626872289,0.007052283184805381,0.006778164752814453
2024-04-09,-0.005179925026530095,-0.001493828252767836,-0.0010390218270411866
2024-04-10,0.004893365499624089,0.0060208159723954815,0.0049044741142307835
2024-04-12,-0.010271309199258543,-0.010440863475055845,-0.010301592814249916
2024-04-15,-0.008023337619447384,-0.009890792229642342,-0.010963897188301042
2024-04-16,-0.002869013203283888,-0.004805336740004415,-0.005594325260972033
2024-04-18,-0.0036404424399333135,-0.009341867956570627,-0.0068652458503182245
2024-04-19,-0.005447225625931897,0.0046765461121943235,0.0068717686886063944
2024-04-22,0.009972219883790694,0.010934823900014075,0.008551965982977361
2024-04-23,-0.0007227967217617892,0.0015649992436496975,0.0014147135985376202
2024-04-24,0.0007335493888659915,0.003066268750607919,0.0015379287654238016
2024-04-25,0.008421575989514873,0.009113522070519088,0.0074969296067168845
2024-04-26,0.0020311203503372783,-0.00501356261360355,-0.006663626980883297
2024-04-29,-0.001675134575351837,0.004935040496968093,0.00996662256880243
2024-04-30,-0.0018337699287558939,-0.000593685582905965,-0.00170251731563964
2024-05-02,0.008018175395645881,0.003996074323624304,0.0019177127972140884
2024-05-03,-0.007160694527710001,-0.004220006590481456,-0.007609859296553445
2024-05-06,-0.005712882925413868,-0.0035063037424886098,-0.0014749338156797576
2024-05-07,-0.0187466456548005,-0.007060006198927344,-0.006246985595782073
2024-05-08,0.007326755401572862,0.002034885926125089,0.0
2024-05-09,-0.013768071525007185,-0.01743525351444099,-0.01546911781190452
2024-05-10,0.011467209781564973,0.009749289829261827,0.0044494691449390444
2024-05-13,0.005030708873210139,0.005864380121290236,0.0022149680905385605
2024-05-14,0.0014452475159976218,0.005407070721184426,0.005148324587705533
2024-05-15,0.009140838256547709,0.0015113534159862823,-0.0007786004689536163
2024-05-16,0.01047330674303812,0.007682346630602303,0.009157377676264788
2024-05-17,-0.002617544215383472,0.002389902690247024,0.0027785403439750667
2024-05-21,0.010811443153681847,0.007957802006097353,0.002802051667603722
2024-05-22,0.0061007283704842125,0.003265247019158609,0.0030516154749500313
2024-05-23,0.011267257874873503,0.013248491332160875,0.01636661960848307
2024-05-24,0.0016763694158478783,-0.002308964423192229,-0.0004593757337192361
2024-05-27,-0.002609013541846346,-0.001936839974081876,-0.0010737589261899938
2024-05-28,-0.0044399010870521055,-0.0005334762972939014,-0.0019317094176221072
2024-05-29,0.001788538408275252,-0.005039861125942747,-0.008015115627261094
2024-05-30,-0.01061025740163823,-0.014848260742715308,-0.009515599658179275
2024-05-31,0.002923946401081714,0.0012960822031970454,0.0018697799732139142
2024-06-03,0.03254559349085347,0.029654506675036246,0.03254231769535276
2024-06-04,-0.05523591161558988,-0.052467564754489014,-0.05929359941641077
2024-06-05,0.03985804854376644,0.03621030421447297,0.033624236760035675
2024-06-06,0.005715247643948097,0.008207318693047205,0.008888049244237806
2024-06-07,0.0246461753894432,0.019543786846485584,0.020539931466807104
2024-06-10,0.004327216897563255,0.0028644260944833528,-0.0013289382574128705
2024-06-11,0.0038255327556382416,0.0021187853169072415,0.0002429314342191624
2024-06-12,0.005223892995515479,0.0034688098288983317,0.002497312914139238
2024-06-13,0.0025261205938019284,0.00398794216272216,0.0032564994745150067
2024-06-14,0.007277625766062435,0.0028829933124821412,0.0028505279152657437
2024-06-18,0.0022402198642136753,0.0026658011137802736,0.003933450786960613
2024-06-19,-0.01773429745678492,-0.0077624700985071265,-0.0017786131162043084
2024-06-20,-0.008845992208297905,0.0018417097566717497,0.0021687361796223215
2024-06-21,0.0033211786674662474,-0.0033667517415999697,-0.00279629951309035
2024-06-24,0.004586427594993495,0.0017370715531960415,0.00156375661610908
2024-06-25,-0.0031317094677683153,0.0007625514799634322,0.007793879853915442
2024-06-26,0.0015757731868907693,0.0014010788071718552,0.006218040121837909
2024-06-27,0.006603607888623625,0.008449652617267047,0.007361040898544724
2024-06-28,-0.002251932972015539,0.001661123956585192,-0.0014099020825968367
2024-07-01,0.0028761269923691444,0.00439015584293318,0.005470484349075377
2024-07-02,-0.0072206499072989,-0.002253517240754791,-0.0007497161563467802
2024-07-03,0.0021846032930881816,0.00670716272194869,0.006742306607722792
2024-07-04,0.004354203539284334,-0.00029901958607255483,0.0006444070008029268
2024-07-05,0.00877697252547054,0.006200072137273028,0.0008928929498506211
2024-07-08,-0.006422536484693557,-0.003018774429033728,-0.00013562113637344275
2024-07-09,0.008109078749549678,0.006692974006444177,0.004631820986013446
2024-07-10,-0.007154546111583542,-0.0014853711671001877,-0.004450911197766749
2024-07-11,-0.0038886755808632883,-0.00017589911019204674,-0.0003494426502141934
2024-07-12,0.0015467321334691347,0.006172855460581849,0.007657573644356042
2024-07-15,0.010514514919365205,0.005777270988779007,0.003450669707641296
2024-07-16,0.006915347034400959,0.002579822279332653,0.0010697158254551198
2024-07-18,0.0015452069080359246,0.005599241456080496,0.007632129743428306
2024-07-19,-0.019630977712303755,-0.01640144545114523,-0.010884676251089243
2024-07-22,0.006283916730314294,0.0013943446181068399,-0.0008825762723847497
2024-07-23,0.0023861502150272417,0.0015353549426456177,-0.0012321559717249908
2024-07-24,-0.0039214097606193165,-0.002802635011622546,-0.002677831825905974
2024-07-25,0.0018689555856318653,0.0011458969234455706,-0.0003031269840456652
2024-07-26,0.030647503956588017,0.019699756528111657,0.01756732976027453
2024-07-29,-0.0031981239439814535,0.0012262786515496846,5.03324972633834e-05
2024-07-30,-0.0024265107427956655,0.0020915854633647493,0.0008536433743000504
2024-07-31,0.007528856760121666,0.005664735451837199,0.00377553501085659
2024-08-01,0.005934186201429921,0.002646201829795414,0.0023946791656728195
2024-08-02,-0.011154567035372438,-0.013910234153144404,-0.011722935491954689
2024-08-05,-0.018406239462050916,-0.02446049776719667,-0.02678645789462286
2024-08-06,-0.005193604136236407,-0.0022659375460526384,-0.0026209626510589334
2024-08-07,0.02146171730880553,0.01425102997620998,0.012710162480444431
2024-08-08,-0.006800656475740086,-0.01156561378049207,-0.007428747813561065
2024-08-09,0.009797327327833666,0.010618764450545014,0.010386864037815746
2024-08-12,-0.003724872471942742,-0.0012884321304189386,-0.0008412844977941925
2024-08-13,-0.002457526134860098,-0.007166034293814921,-0.008543146999630324
2024-08-14,-0.001400114391225456,-0.0044367711097649315,0.00019677699987563635
2024-08-16,0.014669732736280484,0.016782304440409155,0.016459762490292462
2024-08-19,-0.000904587717174103,0.004115877469005306,0.0012835584110202358
2024-08-20,0.0018255212086061216,0.006801270044078446,0.005135759339910173
2024-08-21,0.006131005871685,0.006282181293398716,0.0028887826964991703
2024-08-22,0.001047848343318702,0.0020209431073018314,0.001667357653657442
2024-08-23,0.016608737672111018,-0.00012714970601615243,0.00046955607782672715
2024-08-26,0.00576138201849087,0.007300456584718575,0.007551387144671073
2024-08-27,0.0010531459233093924,-0.0009342848001170241,0.0002858944102370753
2024-08-28,0.007817692975387843,0.0010596183092383743,0.0013830024432652799
2024-08-29,0.003879120148953801,0.00361749653509864,0.00397565940632294
2024-08-30,0.007254029160633353,0.006436109743774594,0.003337760073577778
2024-09-02,0.007629322721511584,0.0026285415189257213,0.001695950113232314
2024-09-03,-0.004584190140416524,-0.0007642521758636583,4.550829989491412e-05
2024-09-04,-0.0025533790967076924,-0.002278412518290751,-0.0032100820170585243
2024-09-05,-0.006512786624429138,-0.001320371325474721,-0.0021270784221717465
2024-09-06,-0.005562718667702792,-0.009187394083525462,-0.011650350298901935
2024-09-09,0.0012896739918199637,0.000468221966501457,0.003390048695012693
2024-09-10,0.010995322967201177,0.0052601745179485385,0.0041986500501236534
2024-09-11,0.01084425243456911,-0.0050371811231550365,-0.004897963449619458
2024-09-12,0.023644572760930724,0.01959122953725982,0.01887963282727112
2024-09-13,-0.0023036882440099398,-0.00040158359314703074,-0.0012761636040355961
2024-09-16,-0.0017466070385533073,-0.0003414691069616112,0.0010746751326089488
2024-09-17,0.0107399843948821,0.0005919770727625066,0.0013709866056039743
2024-09-18,-0.011093403662397737,-0.003920533724412148,-0.0016129951842196455
2024-09-19,0.0012725219294553274,-0.0013172957908645466,0.0015072376499098983
2024-09-20,0.013299828807807303,0.012214444593586983,0.014760441377741573
2024-09-23,0.016097323373228885,0.007590761930862607,0.005742385099666292
2024-09-24,0.004278338939485161,0.000978312657069822,5.2030021699067674e-05
2024-09-25,-0.0007065108562958082,0.0015613422975068883,0.0024575565157058943
2024-09-26,0.010749472266036614,0.010296736149414296,0.008148714241454025
2024-09-27,0.0058464167383469375,0.004417513207583679,-0.0014152231703233875
2024-09-30,-0.013290593070929101,-0.007637284728910605,-0.014060900852023384
2024-10-01,-0.0025878589175528668,0.00029479435409755214,-0.0005404401234794243
2024-10-03,-0.020432980586628468,-0.019850411592389174,-0.021196375260987388
2024-10-04,-0.011368325473421922,-0.009867271515364848,-0.009326695880144675
2024-10-07,-0.006700274744439399,-0.011777448667963155,-0.008748875168602677
2024-10-08,0.011258869258827435,0.005871527348879415,0.00876764730346924
2024-10-09,-0.000298329124589966,0.0011881907713883334,-0.0012473907279866303
2024-10-10,-0.008114622658496093,-0.0009714328641728514,0.0006604768849507447
2024-10-11,0.003443826292067142,0.0006607428299592314,-0.0013680536120755926
2024-10-14,0.004192342878659558,0.004517913985423499,0.006557345754428789
2024-10-15,-0.004790004499792888,-0.003695242519679564,-0.0028096049048969007
2024-10-16,0.002624172909978347,-0.003229742548486373,-0.0034340754096676696
2024-10-17,-0.04743856166120255,-0.013185329823198911,-0.008868227322834543
2024-10-18,-0.001739791528274724,0.003926881878278288,0.004210173941240125
2024-10-21,0.004700310143250171,-0.008677619232442306,-0.00293518237799828
2024-10-22,-0.010171517580410624,-0.01493354680094793,-0.012469180337869368
2024-10-23,0.0002639661558813417,-0.0020132859468645304,-0.001495564743491773
2024-10-24,-0.011624892977721185,-0.002957659854908014,-0.0014773427748562273
2024-10-25,-0.00706082417896624,-0.01589531326073955,-0.008959220549493163
2024-10-28,0.0013201179817163141,0.007648695276699806,0.0065485676346082045
2024-10-29,-0.013434068880758421,0.0028652230240121326,0.0052466588480091225
2024-10-30,-0.004137145424374012,-0.0004557733184250473,-0.005149825253829232
2024-10-31,-0.011474483098300335,-0.0022396139529782823,-0.005566773640794054
2024-11-01,0.0021872082896935577,0.004928329862756157,0.004090004961616156
2024-11-04,-0.01819326830483618,-0.013950902795834549,-0.0127137736646451
2024-11-05,0.006426301830516525,0.009131583126051791,0.00908305881860727
2024-11-06,0.01819484281609952,0.012357321462264446,0.011181870759630508
2024-11-07,-0.013107459203467476,-0.011097110857992799,-0.011628025706147627
2024-11-08,0.0015489576649088336,-0.001717769092162729,-0.002113709312467793
2024-11-11,-0.0014754688142718407,-0.0069056058520845405,-0.00028567088740283353
2024-11-12,-0.007504775881843585,-0.011282635880593302,-0.010680930776533315
2024-11-13,-0.011365549694352335,-0.01466924862040312,-0.013582562322921432
2024-11-14,-0.003608211699260475,-0.0024897966265382252,-0.0011185324376894457
2024-11-18,-0.007317301420798195,-0.002547446603101081,-0.0033527151631265184
2024-11-19,0.004599440130266873,0.0022699142332189494,0.002758581406631766
2024-11-21,0.00029740235927640517,-0.01245810463866585,-0.007168807933116472
2024-11-22,0.014035817384651487,0.022175837191649325,0.023869464111237804
2024-11-25,0.006206412663107515,0.011033399791252263,0.013161295867362366
2024-11-26,-0.010723897394935263,-0.0038501675714505044,-0.0011312238174179257
2024-11-27,-0.002799238438024935,0.004299359797701638,0.003323085437806128
2024-11-28,-0.013787253360911994,-0.014348099145222068,-0.014861029054492936
2024-11-29,0.0179267293078873,0.00943596995573317,0.009072001940535257
2024-12-02,0.010686931899051474,0.007615561743803053,0.006006820004948565
2024-12-03,-0.002674159316606471,0.007461888372757445,0.007460011144599932
2024-12-04,-0.003764498654644226,-0.0012796546856224198,0.00042109681465385407
2024-12-05,0.00349914751505259,0.005696164993836288,0.009847825562885104
2024-12-06,1.5484951836242274e-05,0.001011823306906568,-0.0012384293961259507
2024-12-09,-0.006899639571150192,-0.0039749053889849145,-0.0023827399277279726
2024-12-10,-0.0020481639351095896,-0.0010397505591897116,-0.0003635086213900074
2024-12-11,0.0014991082245385283,0.0026683351174908334,0.0012901233029631864
2024-12-12,0.0021679459461207713,-0.0045908653329538324,-0.003778196379659149
2024-12-13,0.010438438666793311,0.006974992670136235,0.008945547808588916
2024-12-16,-0.003975197124604806,-0.003773157965005236,-0.004039468921733236
2024-12-17,-0.011913145469193047,-0.013138815057343944,-0.013468730047733413
2024-12-18,-0.0014381663177212244,-0.00533702961075623,-0.005635699812006956
2024-12-19,-0.0036232985688419237,-0.0058651046500491025,-0.010213311567061067
2024-12-20,-0.011545859665933536,-0.015498342066149954,-0.01520556915080562
2024-12-23,0.001970365755996787,0.004892742636914246,0.0070354729729729115
2024-12-24,-0.0025107875438843607,-0.002417785292748663,-0.0010861087115143775
2024-12-26,0.01003859414511412,0.0023450014334375465,0.0009503186263191132
2024-12-27,0.005001203900245933,0.0015685815557871573,0.002661079652128029
2024-12-30,0.0035062176479694453,-0.0033982595816855893,-0.007075847935867907
2024-12-31,0.00027467738473824395,0.0008573499462796786,-4.212721278373799e-06
2025-01-01,0.003521191841206167,0.0030284510640682357,0.004148887118253564
2025-01-02,0.012616351930349278,0.021808852712472918,0.018774033191665485
2025-01-03,-0.012027834843511633,-0.0034812465844096478,-0.007602755327609123
2025-01-06,-0.012037916747544213,-0.01689826515632222,-0.016192595996625703
2025-01-07,0.0005804977161740239,0.005140024655179614,0.0038892874268343647
2025-01-08,-0.0036706619978025073,-0.0005869189494801119,-0.0007993610384197103
2025-01-09,-0.0001635206690821687,-0.004993934657888996,-0.006857594959147506
2025-01-10,-0.005937257787745287,-0.006464618483211312,-0.004037999702463213
2025-01-13,-0.01557111877915811,-0.019569575723650017,-0.014747275302477436
2025-01-14,0.010866475714113793,0.009190026026654075,0.003902874499386977
2025-01-15,-0.00929315155194791,0.0009005350114460353,0.0016028803979861728
2025-01-16,0.00567762025017769,0.0033990183749771133,0.004247650725383689
2025-01-17,9.297078225927748e-05,0.0018073858153878721,-0.004658651792672774
2025-01-20,0.003022708814482269,0.007443201046257639,0.006100485537167577
2025-01-21,-0.015697322772929536,-0.010781467158672328,-0.013711845677293555
2025-01-22,0.007800048637536032,0.004108799582307288,0.0056764909144164655
2025-01-23,0.009870673760245459,0.005447524690046292,0.0021593282262408753
2025-01-24,-0.008889637329840726,-0.005917756861683737,-0.004876047658393667
2025-01-27,-0.02095979834704606,-0.014421786570197149,-0.011391241935562957
2025-01-28,-0.015735983771369824,0.0001322935716457465,0.005611229817278129
2025-01-29,0.016247357999613993,0.012469236388166171,0.008966649288351114
2025-01-30,0.015791364223309415,0.00630630645406651,0.003730087599762788
2025-01-31,-0.00839139610037391,0.01528178075908491,0.011135740150325812
2025-02-01,0.012808798830621514,-0.0014601800487933352,-0.0011166221250199504
2025-02-03,0.02834061889831135,-0.0034483722725050033,-0.005157091976693451
2025-02-04,0.014384792783298508,0.013415531779447099,0.016189306820631133
2025-02-05,-0.0006072140752367873,8.859091371405555e-05,-0.001809207062143936
2025-02-06,-0.010405779932049802,-0.0037698338568833306,-0.003922602634608197
2025-02-07,0.014590262057271316,0.0026286517860877046,-0.0018387386257991967
2025-02-10,-0.013634262430603226,-0.009777800128320262,-0.007570033692307909
2025-02-11,-0.011152513852837666,-0.015434753587467308,-0.013249684936046169
2025-02-12,-0.007419385220281465,0.001164812289257358,-0.0011507892904301098
2025-02-13,0.0028907032216823336,0.0010623547733460143,-0.0006009745771905495
2025-02-14,-0.014658687600324731,-0.009817511716908827,-0.004435266153706374
2025-02-17,-0.010184725695918622,0.005497456610632759,0.0013192755977626813
2025-02-18,-0.010295880552413846,0.00015243028801900917,-0.0006184463402948426
2025-02-19,0.00020764281852215608,0.00029305694036058886,-0.0005404326900405598
2025-02-20,0.010437089549574433,0.00305767989762339,-0.0008612081186238907
2025-02-21,-0.027209814138213464,-0.006091393874611149,-0.005117148798882476
2025-02-24,-0.004449391016505128,-0.00886221583281276,-0.010640105330068539
2025-02-25,0.012654521297009974,-0.002525874093797555,-0.00025711604818956513
2025-02-27,-0.009140610823979413,-0.00228963301497185,-0.00011087678764998277
2025-02-28,-0.03725675659707827,-0.025123945577328118,-0.018644959666695105
2025-03-03,0.012219724986109983,0.0020429798930952157,-0.00024400049223838316
2025-03-04,-0.007233157111526357,-0.0031354796556389247,-0.0016569416451024388
2025-03-05,0.017078192527136358,0.017189971134652343,0.011531695069225467
2025-03-06,0.006390660527858954,0.011823945707828052,0.009284847776867
2025-03-07,0.0006172041772433755,-0.001294993574994396,0.00034601398645017767
2025-03-10,-0.006783857568533192,-0.006885231542191616,-0.004088203913091726
2025-03-11,0.0066214420539382176,-0.0027557734666587225,0.0016740474556060647
2025-03-12,0.0036636402567695363,-0.0028376083903333582,-0.0012179087892316698
2025-03-13,-0.005909192703357262,-0.004618948144379406,-0.003262089461738671
2025-03-17,0.008253402702623676,0.006582693704770688,0.004980568336268254
2025-03-18,2.6648970441087005e-17,5.7528626738184587e-05,0.01446329899483545
2025-03-19,0.012559187689675662,0.01864677509649279,0.0032100316461272094
2025-03-20,0.019256660471402627,0.010985703344705779,0.012356195589090069
2025-03-21,0.003378097031529938,0.008335418875378564,0.0068885519512889015
2025-03-24,0.008518635270211232,0.01104631974378566,0.013188177230298859
2025-03-25,-0.0029341638843260924,-0.0025754723670047682,0.00043539728764163677
2025-03-26,-0.0005457074238496956,-0.006723292382562273,-0.007681079328545448
2025-03-27,-0.0007958049313111052,0.006690417733078829,0.004474827877002596
2025-03-28,-0.0071137832426005675,-0.00515431833885325,-0.0030773044101545244
2025-04-01,-0.020181728399033826,-0.0077215955079877685,-0.015036571865236992
2025-04-02,0.017299673296587544,0.008233435360867979,0.0071938424586863725
2025-04-03,0.0053591331508885745,-0.00044650271213088555,-0.0035251486188494496
2025-04-04,-0.021609246657859325,-0.021766391741332252,-0.014866619775066536
2025-04-07,-0.03656495775794089,-0.028623683938354474,-0.03243254628305536
2025-04-08,0.02034666087818098,0.019160869115601834,0.016887318902814252
2025-04-09,-0.0007329178669874191,-0.0038640914754164957,-0.006065856008070525
2025-04-11,0.02926731345412649,0.020236723703261423,0.019170387409190415
2025-04-15,0.027142274323636563,0.020338213851579655,0.02190239778210845
2025-04-16,0.007699858336131746,0.005536361815248015,0.004657316201027051
2025-04-17,0.006185402586640914,0.01017886844125356,0.017683476937954135
2025-04-21,0.022830803832545182,0.013840182013607278,0.011483498464016417
2025-04-22,-0.0005519509900576156,-0.002104040397969352,0.0017284255654137493
2025-04-23,0.003409405705618044,0.009262762767693888,0.006690840652122221
2025-04-24,0.012342003372465061,0.0010313325954939665,-0.0033807460922566923
2025-04-25,-0.02080080369261914,-0.01128889107211609,-0.00855166336268387
2025-04-28,0.004669368080921896,0.010762571925428666,0.012028211882747275
2025-04-29,0.003580707889492143,-0.003226373218630126,0.0003061930965739812
2025-04-30,0.006251902391513188,-0.0018196789952804491,-7.191007773188485e-05
2025-05-02,-0.005258476496967493,-0.0029977815975385526,0.0005136803511647248
2025-05-05,0.00873918250777852,0.008105435188929644,0.004700890697612925
2025-05-06,0.008649351993216873,-0.0039184851424689995,-0.0033338898599493128
2025-05-07,0.001238927207629264,0.0006895344544380784,0.0014274549954715887
2025-05-08,-0.01691449114413498,-0.009921473412268454,-0.005758880297096702
2025-05-09,-0.008079081938766792,-0.005785522962773595,-0.0109501096942064
2025-05-12,0.014394115094326594,0.03289425433857624,0.038183073090219954
2025-05-13,-0.007333529916696375,-0.010621426917620474,-0.01389583907654357
2025-05-14,0.009467900382129824,0.005778754951939403,0.0036027960647213586
2025-05-15,0.009873172581591635,0.015820635697371604,0.01602143814146184
2025-05-16,-0.0046596195457519664,-0.00018306881398991325,-0.0016877607536591732
2025-05-19,0.0155863163359332,-0.0007974717454067539,-0.0029717088137536374
2025-05-20,-0.013092606971471821,-0.011340657968141186,-0.010484831354666824
2025-05-21,0.009795224447531404,0.0050218977213867914,0.00524831270888626
2025-05-22,-0.0032175813252408544,-0.008311329579683464,-0.008211272774042211
2025-05-23,-6.793964202247678e-05,0.008847747964024774,0.009892488718005854
2025-05-26,0.018268760507248002,0.006966635274264527,0.005954979456279652
2025-05-27,-0.005859036318850179,-0.005907206043280378,-0.0069977248703164685
2025-05-28,-0.002436717540428895,-0.005364093586831883,-0.0029706520659956714
2025-05-29,0.002082250044958352,0.0036076098076305565,0.003278479228775888
2025-05-30,-0.0018506610398317446,-0.006953115130319776,-0.00333823496911434
2025-06-02,-0.002494241325179358,-0.0005976004765661752,-0.0013777230725331435
2025-06-03,-0.003389392205410738,-0.007305218740633492,-0.007043833380258491
2025-06-04,0.010731044511720467,0.001959258603073226,0.003165904807986175
2025-06-05,0.0039441422112432185,0.0022578051571009883,0.005308696762106768
2025-06-06,-0.0009393645860289518,0.011054159212148163,0.01018752395450262
2025-06-09,0.0021902705385289266,0.006731288124992839,0.004005448710087123
2025-06-10,-0.001008580097908289,0.0025563171847712784,4.18584595869298e-05
2025-06-11,0.004250794405714319,0.002782654700891021,0.0014798446727146697
2025-06-12,-0.004649280633098606,-0.010126558255813996,-0.010071084662786611
2025-06-13,-0.00733244989835259,-0.0060746966352175896,-0.006814458847919758
2025-06-16,0.008729388592634307,0.00975271076004177,0.00921979376770854
2025-06-17,-0.00877945567023547,-0.00534903237039591,-0.0037319707924959866
2025-06-18,0.0004671905498828372,-0.0016526373346320564,-0.0016637405234334324
2025-06-19,-0.0020586754226253967,-0.0016705597234261444,-0.0007577278241026608
2025-06-20,0.017730778106342965,0.008497017053653128,0.01287247095983779
2025-06-23,-0.0010682977529612426,-0.0032046703978029444,-0.0055948454872697395
2025-06-24,-0.0016565002927623343,0.004134016788715895,0.0029012296868362597
2025-06-25,0.007444338108855653,0.007820948651986837,0.008001820520425307
2025-06-26,0.012986630132473535,0.010296439200923284,0.012052010814129765
2025-06-27,0.006848887654085263,0.004696853163446029,0.003475704773181043
2025-06-30,0.0023515000598115727,-0.003066712595192252,-0.004709842354665206
2025-07-01,0.0032592332820163055,0.000771442859025107,0.0009699396772837598
2025-07-02,-0.0016504838905207174,0.00015630861826193435,-0.0034610085397696055
2025-07-03,-0.002596252458828865,-0.0012168587497123303,-0.00188971251922454
2025-07-04,0.0013649852447162594,0.0034177278097309344,0.0021924250859925998
2025-07-07,0.0028712565910911014,0.0006822723464049172,1.1813410706551508e-05
2025-07-08,0.002379462070296044,0.0004412983654635804,0.0024036171315751087
2025-07-09,0.0006480586772719932,-0.0021107144012868,-0.00181801902732881
2025-07-10,-0.018558659890344845,-0.003872854613746022,-0.004743646446198069
2025-07-11,-0.012045611668867105,-0.006835422378259929,-0.008100901810276007
2025-07-14,-0.0035969671550264565,-0.0015282570713781695,-0.002685854157148504
2025-07-15,0.004579094152956166,0.00576245414478043,0.004525103218794291
2025-07-16,0.0021472871630056115,0.0012382430463953541,0.0006449487413033861
2025-07-17,-0.004477195979447285,-0.0013588056314004662,-0.003990217351728331
2025-07-18,-0.0063097989205986894,-0.0032777764628358543,-0.0056965580472427835
2025-07-21,0.0021167675138962627,0.0018814965990461465,0.004898144302865282
2025-07-22,-0.003709290245906446,-0.0030562296712103557,-0.0011876443882732346
2025-07-23,0.012746449608507158,0.004217333202770407,0.006344544590244583
2025-07-24,-0.005027408561234203,-0.005811272106095784,-0.006256994627491075
2025-07-25,-5.147988759998418e-05,-0.010191571264007842,-0.008981674037030651
2025-07-28,-0.014347293582864426,-0.005564321303933683,-0.006284962329387578
2025-07-29,0.012143190217104504,0.004772457249757475,0.005680474234370125
2025-07-30,0.0019685512693752836,0.0013271064176583619,0.001367835124523431
2025-07-31,-0.007054553945142081,-0.004671102899151008,-0.0034882717656889994
2025-08-01,-0.02092753166246081,-0.012392596189809712,-0.008195943742782208
2025-08-04,0.005757359042249364,0.012011640215627437,0.006407415043054421
2025-08-05,-0.002534848767412105,-0.0010703105970448694,-0.0029608040671041946
2025-08-06,-0.010077012961346506,-0.006804058140969518,-0.003056914228121266
2025-08-07,0.0005558705737463299,0.0017278241120493622,0.0008932609229541644
2025-08-08,-0.020736615425021046,-0.008372425680204899,-0.009466912735407229
2025-08-11,0.006059363679704185,0.008236594151637824,0.009101804471857822
2025-08-12,-0.009495799116880706,-0.0005182596020186033,-0.003971941790719136
2025-08-13,0.010003563484844049,0.006901216253986607,0.005388453516712133
2025-08-14,0.004335321973888954,-0.0018588918548518762,0.00048543816407109475
2025-08-18,0.011943993612754935,0.015820651975587362,0.009973019276634965
2025-08-19,-0.0024330186456661693,0.004175753931063349,0.004168564680625764
2025-08-20,-0.0023548504367235054,0.004663826178187164,0.0027981813736617234
2025-08-21,0.0033999985688444954,-0.00010615545220335304,0.0013252889742787488
2025-08-22,-1.5536747139326124e-05,-0.008204528610054865,-0.008517482060098724
2025-08-25,0.0034341938730544407,0.004888353078323079,0.003926417350905487
2025-08-26,-0.012534375787138145,-0.007869146635434282,-0.010241179872034878
2025-08-28,-0.011428889321737232,-0.006174559916296886,-0.008544430103923584
2025-08-29,-0.000788129426311046,-0.0021216483162649342,-0.0030223697933294824
2025-09-01,0.002424312437356746,0.011281558562877882,0.008114070174605414
2025-09-02,-0.003973742774183655,0.0007945153467109178,-0.0018457290617897026
2025-09-03,0.0051731820023483525,0.006240951044779061,0.0055107151470170646
2025-09-04,0.0040240813406650835,-0.00041535354442340597,0.0007788776228048189
2025-09-05,0.005262984743153356,-0.0007679121322218125,0.00027084730671167456
2025-09-08,0.014620009446869283,0.001566899459324567,0.0012994782193525012
2025-09-09,0.0017983018471536079,0.005623357536272223,0.003852930178235292
2025-09-10,-0.00026407539192061365,0.0045442496295925675,0.0042020862308871365
2025-09-11,-0.0007068811363946605,0.0015797719202774617,0.0012974116602184615
2025-09-12,0.007306322243511909,0.001970767031813679,0.004339045410009845
2025-09-15,-0.002004396633400613,-0.00294699446505805,-0.0017838966811339896
2025-09-16,0.010034198502552038,0.007295494213065072,0.006777256391098607
2025-09-17,-0.0006688240582237005,0.0030498200208796756,0.003611475529465391
2025-09-18,0.002434242887726883,0.0025801503805876484,0.0036853015416349333
2025-09-19,0.00224899946487248,-0.00029314570814657477,-0.0037976065391384095
2025-09-22,-0.0037757415101208735,-0.004027877564563623,-0.004923635718664832
2025-09-23,0.0013465930247689448,-0.0006395206290675688,-0.0013034343973540308
2025-09-24,-0.0016739409105080308,-0.0031095003116113564,-0.00447365300760838
2025-09-25,-0.006302530839084326,-0.007023010188029678,-0.006626948212322681
2025-09-26,-0.012834954388480419,-0.01297775905590565,-0.009487437927231501
2025-09-29,0.0011294939860308786,0.001669460755795991,-0.0008030448049409777
2025-09-30,-0.001001485737007626,0.0014358521866179074,-0.0009661407544825362
2025-10-01,0.0012561243821771792,0.00599987696720897,0.009150390492475902
2025-10-03,0.004177614753033576,0.00444736926463397,0.0023332467769816567
2025-10-06,-0.001343069714440418,0.005139244240302407,0.007367178791287232
2025-10-07,0.010082026302383315,0.0011902057040206145,0.0012222193924698033
2025-10-08,-0.0034286628461346726,-0.0032682971230652254,-0.0024752925801897474
2025-10-09,-0.00031648037560121637,0.006415867218021721,0.005416017571936882
2025-10-10,0.006803384585500516,0.005362978428201054,0.0041120501676790155
2025-10-13,-0.0013954911422493722,-0.0013317911343413223,-0.0022938183927065925
2025-10-14,-0.0077246666021215426,-0.004374253304940473,-0.003244479132464395
2025-10-15,0.013099042032402447,0.0077708692107986595,0.007080820872521931
2025-10-16,0.01103778069186416,0.010246293111140907,0.010336228211479837
2025-10-17,0.0066560128797941015,0.0022882256576129694,0.004867983737610659
2025-10-20,0.0002803752837614978,0.005238163715942037,0.005184813729964155
2025-10-21,0.0020581529982162724,0.0013384816684938545,0.0009847568259027106
2025-10-23,-0.011056751172910693,7.472704321526683e-05,0.0008814076368377499
2025-10-24,-0.005712795781734183,-0.004278220659958349,-0.0037174505259611745
2025-10-27,0.005223215652701597,0.006947571404553362,0.006625291500029773
2025-10-28,0.00632249855654055,-0.00017960538397044295,-0.001149638146805021
2025-10-29,-0.00780323167498255,0.007086108043307043,0.0045381040946781415
2025-10-30,-0.009356421124609231,-0.004442878871265009,-0.0067571756478100875
2025-10-31,0.00908596836602556,-0.005137297272996462,-0.006018660837397216
2025-11-03,0.0017191618660883149,0.0015570867255638764,0.0016036793506921665
2025-11-04,-0.005121596844568262,-0.006401141665559146,-0.006431586779760301
2025-11-06,-0.008227175148002286,-0.0044607644177252735,-0.0034359080045569534
2025-11-07,0.005900152201898683,0.0017419023244431044,-0.0006820322478444663
2025-11-10,0.00751261111832977,0.0021208569474288016,0.0032185728871263475
2025-11-11,-0.016387009284921338,0.00288050402758901,0.0047156471705849246
2025-11-12,0.006914394932057378,0.008371360941403339,0.0070384090258497345
2025-11-13,-0.0011377237585692658,0.0004004857029201724,0.00012944949620363744
2025-11-14,-0.0010458915049688321,-0.0003813876121109599,0.001194026471448284
2025-11-17,0.011513650883681134,0.005630391824187764,0.0039906690408659795
2025-11-18,-0.0024304209730919638,-0.005658529611997183,-0.003974806902018679
2025-11-19,-0.0037458919646123695,0.003879702476226879,0.005503640675154298
2025-11-20,0.0124370603103229,0.0032612769398176573,0.005354541588221684
2025-11-21,-0.0038948781588939705,-0.004284311542472459,-0.0047342428227803435
2025-11-24,-0.002761410480818989,-0.0045239205352456515,-0.004167936312968079
2025-11-25,-0.0026703039880495057,-0.001359394107164818,-0.002877529180069005
2025-11-26,0.011333723506752012,0.012189450845662942,0.012381783530362567
2025-11-27,-0.003560149034665231,-0.00245301431987877,0.0003911422381892571
2025-11-28,0.0007423316652803913,-0.0003056754356382042,-0.0004806903583736144
2025-12-01,-0.0023363835606883434,-0.0002209405342691046,-0.0010380212747401751
2025-12-02,0.003776050370351311,-0.001387207365079366,-0.005484113396941881
2025-12-03,-0.0061041641239309614,-0.004043803771572244,-0.0017746951904364927
2025-12-04,0.004556668204684457,0.004649513374126942,0.0018375278996383138
2025-12-05,0.01310022785301498,0.005545226514912526,0.005865433091659877
2025-12-08,-0.010459755171600778,-0.010896030019701151,-0.00862653945989178
2025-12-09,-0.005586802456384437,-0.004717571579405578,-0.004657081109092687
2025-12-10,-5.9816598130955895e-05,-0.0014028110968061802,-0.0031598875909956137
2025-12-11,0.0015911796606419457,0.005471022676695489,0.0054565875164998
2025-12-12,0.010799508461326912,0.007164653079432726,0.005729990019651465
2025-12-15,-0.0007056313058430278,0.000686456630322951,-0.0007543469807149705
2025-12-16,-0.003631166076171431,-0.006728594742099028,-0.006424068837574293
2025-12-17,-0.0003966701708220959,-0.0010029269339775942,-0.001606677033445636
2025-12-18,-0.0026226888189027123,-0.001505996038216469,-0.00011619552256891819
2025-12-19,0.008058692741151004,0.005519087144846384,0.005843362036054733
2025-12-22,0.0062573293379082065,0.007311956452928698,0.00793332910611566
2025-12-23,-0.0004786396987484941,0.0008082921833031342,0.00018148889399149937
2025-12-24,0.0005597392392949811,-0.0021867477192743043,-0.0013389838361685946
2025-12-26,-0.004624938529594326,-0.0022704899718431855,-0.0038175521330050532
2025-12-29,-0.003390878245394813,-0.002670491385475747,-0.003847631310177624
2025-12-30,-0.0028740748273132846,0.0011702896932485663,-0.00012527898855285713
2025-12-31,0.00912664214912839,0.010127635025638727,0.0073538342244390265
2026-01-01,-0.0012742397669383342,0.0023578946768822457,0.0006487344669803274
2026-01-02,0.008961711235951462,0.007074117065362341,0.006960765170238581
2026-01-05,0.0038971974859768354,0.0007816684292016262,-0.0029720587604740167
2026-01-06,0.006578563883412753,0.0040990695803000046,-0.0027276473171363724
2026-01-07,-0.009027460072347471,-0.0014572139982869058,-0.001449622016468255
2026-01-08,-0.010470671629169656,-0.014146961649480377,-0.010095364158449915
2026-01-09,-0.009770448952895503,-0.006780902057091185,-0.007479613285493514
2026-01-12,0.005305205123368494,0.0061336928040918075,0.004164153963733375
2026-01-13,-0.004125053740921272,-0.001805007043994392,-0.002246942885392733
2026-01-14,-0.004132211588406166,-0.00026271170240256927,-0.00259211846006413
2026-01-16,-0.004215666194478785,0.0019237391890957888,0.0011201764399650926
2026-01-19,0.006374490095921769,-0.0027489461147922633,-0.004236324757381116
2026-01-20,-0.02107568140765748,-0.019662392413944692,-0.013796877137441155
2026-01-21,-0.0067825356123977195,-0.0026419937080036262,-0.0029723570791637677
2026-01-22,0.0011515367273933525,0.008387547670925399,0.00526285960946038
2026-01-23,-0.01109929384573282,-0.011475588292341668,-0.009539381186706164
2026-01-27,0.006576819766603755,0.00871637632873963,0.005060152863462841
2026-01-28,-0.0052113947735785895,0.006039523442329314,0.006647346488174222
2026-01-29,-0.010652515845317904,0.001269932769280319,0.0030048195489833507
2026-01-30,-0.0005890224898517383,-0.0026064625831819133,-0.003865234077404689
2026-02-02,-0.008787975716128915,-0.007923554720053017,-0.00917235522852089
2026-02-03,0.021568116494472926,0.024982119655909518,0.025475932330218942
2026-02-04,0.014468097871118323,0.003230408655117603,0.0018831648283172964
2026-02-05,-0.00992630657493369,-0.0027330401505787014,-0.00516756745616076
2026-02-06,-0.00032522405040155667,0.0008545958491659475,0.0019849016468285186
2026-02-09,0.02373152841260354,0.007358039584255663,0.006756581098813275
2026-02-10,0.000948823550319847,0.002599095743455669,0.0026229876069705504
2026-02-11,0.0168533681499977,0.003842772635920536,0.0007209990483325601
2026-02-12,0.0008152874449505786,-0.007383711129104734,-0.00565042923620962
2026-02-13,-0.01190045731798993,-0.012814176284418796,-0.01302348257655217
2026-02-16,0.0014553676015067695,0.006840912190831874,0.008309432803093486
2026-02-17,-0.0002625773819035452,0.004085786074051219,0.00166066292063749
2026-02-18,0.007325395422290534,0.004470481442577912,0.003652002197183979
2026-02-19,-0.013113585504018262,-0.012858171681037964,-0.014136684522350174
2026-02-20,0.0117185305546188,0.005104643379156923,0.004592550680687868
2026-02-23,0.005310287395200155,0.0023293197867438413,0.00554333479982394
2026-02-24,-0.0014071416193656124,-0.006205730344193365,-0.011214156627970318
2026-02-25,0.005103335370882136,0.007578786395827084,0.002275335490801167
2026-02-26,0.008121339081941362,0.0024282314240552287,0.0005513894339252978
2026-02-27,-0.013722896459871764,-0.012373008750509762,-0.012468368500212268
2026-03-02,-0.008893874420192287,-0.011718604982089069,-0.012429227421638323
2026-03-04,-0.02750703387118391,-0.019199093283853306,-0.015491187895474101
2026-03-05,0.01260551733461988,0.012201963687462878,0.011658274570576665
2026-03-06,-0.010651178651123794,-0.009168645887140362,-0.012737318930444053
2026-03-09,-0.03396592081847136,-0.019385327658943127,-0.017275692308183932
2026-03-10,0.016984511886316955,0.010592264834056063,0.009719840791548862
2026-03-11,-0.01716749299517497,-0.013061671025354523,-0.01627056774308744
2026-03-12,-0.01198221249228977,-0.008844191728395338,-0.009540396930332928
2026-03-13,-0.030920626926372034,-0.02120133225342859,-0.02064586811222946
2026-03-16,0.007227863820830331,0.006231689795385384,0.011131271353117311
2026-03-17,0.002457884610467394,0.004015777794675026,0.007362598835607637
2026-03-18,0.00806232321954597,0.00926066777956456,0.008339304375208911
2026-03-19,-0.03052143734807611,-0.03039228160775623,-0.03262077926216955
2026-03-20,0.007199972328814703,0.009013442957062754,0.004884308965338757
2026-03-23,-0.03245316050976704,-0.027450020371764,-0.026037751600726855
2026-03-24,0.011562238647162902,0.01641711944764784,0.017756683156527453
2026-03-25,0.02152474338880002,0.017330061137392702,0.01719805962740728
2026-03-27,-0.027804171824386915,-0.01533947648180648,-0.02088905112938999
2026-03-30,-0.024986635547542817,-0.01940233409421405,-0.02139385559374285
2026-04-01,0.026952584462641253,0.012684418130369022,0.015583438293735208
2026-04-02,-0.006800735341467218,-0.0005591311571944509,0.0014858954897207788
2026-04-06,0.01035208139627649,0.011956645064710525,0.01123362266767347
2026-04-07,0.0006830337861241867,0.005772562374047753,0.0067658785769486585
2026-04-08,0.04083766311085728,0.032708201714293325,0.03778379295615997
2026-04-09,-0.00833557065644898,-0.00209134162158732,-0.009261439434677166
2026-04-10,0.01679650736123103,0.010207640242854922,0.011587753764504383
2026-04-13,-0.015491990715831332,-0.008932514657723068,-0.008646321593950623
2026-04-15,0.01722563039824742,0.018078752825698124,0.016300637062472756
2026-04-16,-0.00495052663982128,4.211470462501818e-05,-0.0014258739785333319
2026-04-17,0.010724216101241977,0.0074193912962775745,0.006480241406387144
2026-04-20,0.0014176364421027048,0.0013841899977235198,0.00046394992773279853
2026-04-21,-0.001758971255708855,0.006705109723328836,0.008690798564113589
2026-04-22,-0.0025163534376923457,-0.005328676579783433,-0.00807678861823835
2026-04-23,-0.005727022540967729,-0.00391929792976489,-0.008411190019346093
2026-04-24,-0.003860839799160727,-0.01094332131677483,-0.011380506539678703
2026-04-27,0.010172925962191014,0.012743550005839677,0.008149234824183171
2026-04-28,-0.002499293822695407,-0.0020244351203040738,-0.004026115924964935
2026-04-29,0.0014105610981108992,0.007294392573321741,0.007582657634449097
2026-04-30,-0.014760605815988523,-0.0053094851360273474,-0.007449012061355398
2026-05-04,-0.00249770458230355,0.005463963630399621,0.005073434414612388
2026-05-05,0.002573403370479572,-0.0013301011110455822,-0.0035863394542201554
2026-05-06,0.005718720952394496,0.011700756672428888,0.01240589643353629
